1.png,9,13
2.png,9,13
3.png,9,13
3-1.png,9,13
4.png,6,
5.png,6,
6.png,6,7
6-1.png,6,2
6-2.png,6,7
7.png,17,
8.png,17,
9.png,17,
9-1.png,17,
10.png,0,
11.png,0,
12.png,0,7
13.png,0,13
14.png,0,13
15.png,0,13
15-1.png,0,13
16.png,12,7
17.png,12,7
18.png,12,7
18-1.png,12,7
19.png,12,1
20.png,12,1
21.png,12,7
22.png,12,7
23.png,13,
24.png,13,
25.png,3,
25-1.png,3,
25-2.png,3,
25-3.png,3,
25-4.png,3,
25-5.png,3,
25-6.png,3,
26.png,3,3
27.png,10,11
28.png,10,11
29.png,13,
30.png,13,
31.png,13,10
32.png,13,
33.png,13,
34.png,13,10
35.png,4,
36.png,4,
37.png,6,11
38.png,6,11
39.png,12,4
40.png,12,4
41.png,13,7
42.png,13,7
43.png,9,13
44.png,9,13
45.png,9,13
46.png,0,9
47.png,0,9
48.png,0,13
49.png,0,13
50.png,10,10
51.png,10,10
52.png,12,1
53.png,12,1
54.png,17,
55.png,17,
56.png,5,
57.png,5,
58.png,6,
59.png,6,
60.png,17,
61.png,17,
62.png,17,5
63.png,14,
64.png,14,
65.png,14,
65-1.png,14,
66.png,5,
67.png,5,
68.png,5,
69.png,9,13
70.png,9,13
71.png,9,13
72.png,17,13
73.png,17,13
74.png,15,10
75.png,15,10
76.png,15,10
77.png,6,
78.png,6,
79.png,17,14
80.png,17,14
80-1.png,17,14
81.png,3,16
82.png,3,16
83.png,12,7
84.png,12,7
85.png,12,7
86.png,17,
87.png,17,11
88.png,13,13
89.png,13,13
90.png,17,
91.png,17,11
92.png,8,13
93.png,8,13
94.png,8,13
94-1.png,8,13
95.png,15,10
96.png,14,
97.png,14,
98.png,17,
99.png,17,
100.png,3,
101.png,3,
102.png,9,14
103.png,9,14
104.png,10,
105.png,10,6
106.png,5,
107.png,5,
108.png,12,
109.png,13,
110.png,13,
111.png,10,15
112.png,10,15
113.png,12,
114.png,9,
115.png,12,
115-1.png,12,
116.png,17,
117.png,17,
118.png,17,
119.png,17,
120.png,17,
121.png,17,14
122.png,14,4
123.png,0,7
124.png,11,14
125.png,3,
126.png,6,
127.png,0,
127-1.png,0,7
128.png,12,
129.png,17,
130.png,17,7
130-1.png,17,1
131.png,17,11
132.png,12,
133.png,12,
134.png,17,
135.png,3,
136.png,6,
137.png,12,
138.png,15,17
139.png,15,17
140.png,15,17
141.png,15,17
142.png,15,7
142-1.png,15,7
143.png,12,
144.png,11,7
145.png,3,7
146.png,6,7
147.png,2,
148.png,2,
149.png,2,7
150.png,14,
150-1.png,14,
150-2.png,14,5
151.png,14,
152.png,9,
153.png,9,
154.png,9,
155.png,6,
156.png,6,
157.png,6,
158.png,17,
159.png,17,
160.png,17,
161.png,12,
162.png,12,
163.png,12,7
164.png,12,7
165.png,0,7
166.png,0,7
167.png,0,13
168.png,0,13
169.png,13,7
170.png,17,3
171.png,17,3
172.png,3,
173.png,4,
174.png,12,4
175.png,4,
176.png,4,7
177.png,14,7
178.png,14,7
179.png,3,
180.png,3,
181.png,3,
181-1.png,3,2
182.png,9,
182-1.png,3,2
183.png,17,4
184.png,17,4
185.png,15,
186.png,17,
187.png,9,7
188.png,9,7
189.png,9,7
190.png,12,
191.png,9,
192.png,9,
193.png,0,7
194.png,17,10
195.png,17,10
196.png,14,
197.png,1,
198.png,1,7
199.png,17,14
200.png,8,
201.png,14,
201-1.png,14,
201-2.png,14,
201-3.png,14,
201-4.png,14,
201-5.png,14,
201-6.png,14,
201-7.png,14,
201-8.png,14,
201-9.png,14,
201-10.png,14,
201-11.png,14,
201-12.png,14,
201-13.png,14,
201-14.png,14,
201-15.png,14,
201-16.png,14,
201-17.png,14,
201-18.png,14,
201-19.png,14,
201-20.png,14,
201-21.png,14,
201-22.png,14,
201-23.png,14,
201-24.png,14,
201-25.png,14,
201-26.png,14,
201-27.png,14,
202.png,14,
203.png,12,14
204.png,0,
205.png,0,16
206.png,12,
207.png,10,7
208.png,16,10
208-1.png,16,10
209.png,4,
210.png,4,
211.png,17,13
212.png,0,16
212-1.png,0,16
213.png,0,15
214.png,0,5
214-1.png,0,5
215.png,1,11
216.png,12,
217.png,12,
218.png,6,
219.png,6,15
220.png,11,10
221.png,11,10
222.png,17,15
223.png,17,
224.png,17,
225.png,11,7
226.png,17,7
227.png,16,7
228.png,1,6
229.png,1,6
229-1.png,1,6
230.png,17,2
231.png,10,
232.png,10,
233.png,12,
234.png,12,
235.png,12,
236.png,5,
237.png,5,
238.png,11,14
239.png,3,
240.png,6,
241.png,12,
242.png,12,
243.png,3,
244.png,6,
245.png,17,
246.png,15,10
247.png,15,10
248.png,15,1
248-1.png,15,1
249.png,14,7
250.png,6,7
251.png,14,9
252.png,9,
253.png,9,
254.png,9,
254-1.png,9,2
255.png,6,
256.png,6,5
257.png,6,5
257-1.png,6,5
258.png,17,
259.png,17,10
260.png,17,10
260-1.png,17,10
261.png,1,
262.png,1,
263.png,12,
264.png,12,
265.png,0,
266.png,0,
267.png,0,7
268.png,0,
269.png,0,13
270.png,17,9
271.png,17,9
272.png,17,9
273.png,9,
274.png,9,1
275.png,9,1
276.png,12,7
277.png,12,7
278.png,17,7
279.png,17,7
280.png,14,4
281.png,14,4
282.png,14,4
282-1.png,14,4
283.png,0,17
284.png,0,7
285.png,9,
286.png,9,5
287.png,12,
288.png,12,
289.png,12,
290.png,0,10
291.png,0,7
292.png,0,8
293.png,12,
294.png,12,
295.png,12,
296.png,5,
297.png,5,
298.png,12,4
299.png,15,
300.png,12,
301.png,12,
302.png,1,8
302-1.png,1,8
303.png,16,4
303-1.png,16,4
304.png,16,15
305.png,16,15
306.png,16,15
306-1.png,16,
307.png,5,14
308.png,5,14
308-1.png,5,14
309.png,3,
310.png,3,
310-1.png,3,
311.png,3,
312.png,3,
313.png,0,
314.png,0,
315.png,9,13
316.png,13,
317.png,13,
318.png,17,1
319.png,17,1
319-1.png,17,1
320.png,17,
321.png,17,
322.png,6,10
323.png,6,10
323-1.png,6,10
324.png,6,
325.png,14,
326.png,14,
327.png,12,
328.png,10,
329.png,10,2
330.png,10,2
331.png,9,
332.png,9,1
333.png,12,7
334.png,2,7
334-1.png,2,4
335.png,12,
336.png,13,
337.png,15,14
338.png,15,14
339.png,17,10
340.png,17,10
341.png,17,
342.png,17,1
343.png,10,14
344.png,10,14
345.png,15,9
346.png,15,9
347.png,15,0
348.png,15,0
349.png,17,
350.png,17,
351.png,12,
351-1.png,11,
351-2.png,17,
351-4.png,6,
352.png,12,
353.png,8,
354.png,8,
354-1.png,8,
355.png,8,
356.png,8,
357.png,9,7
358.png,14,
359.png,1,
359-1.png,1,
360.png,14,
361.png,11,
362.png,11,
362-1.png,11,
363.png,11,17
364.png,11,17
365.png,11,17
366.png,17,
367.png,17,
368.png,17,
369.png,17,15
370.png,17,
371.png,2,
372.png,2,
373.png,2,7
373-1.png,2,7
374.png,16,14
375.png,16,14
376.png,16,14
376-1.png,16,14
377.png,15,
378.png,11,
379.png,16,
380.png,2,14
380-1.png,2,14
381.png,2,14
381-1.png,2,14
382.png,17,
382-1.png,17,
383.png,10,
383-1.png,10,6
384.png,2,7
384-1.png,2,7
385.png,16,14
386.png,14,
386-1.png,14,
386-2.png,14,
386-3.png,14,
387.png,9,
388.png,9,
389.png,9,10
390.png,6,
391.png,6,5
392.png,6,5
393.png,17,
394.png,17,
395.png,17,16
396.png,12,7
397.png,12,7
398.png,12,7
399.png,12,
400.png,12,17
401.png,0,
402.png,0,
403.png,3,
404.png,3,
405.png,3,
406.png,9,13
407.png,9,13
408.png,15,
409.png,15,
410.png,15,16
411.png,15,16
412.png,0,
412-1.png,0,
412-2.png,0,
413.png,0,9
413-1.png,0,10
413-2.png,0,16
414.png,0,7
415.png,0,7
416.png,0,7
417.png,3,
418.png,17,
419.png,17,
420.png,9,
421.png,9,
421-1.png,9,
422.png,17,
422-1.png,17,
423.png,17,10
423-1.png,17,10
424.png,12,
425.png,8,7
426.png,8,7
427.png,12,
428.png,12,
428-1.png,12,5
429.png,8,
430.png,1,7
431.png,12,
432.png,12,
433.png,14,
434.png,13,1
435.png,13,1
436.png,16,14
437.png,16,14
438.png,15,
439.png,14,4
440.png,12,
441.png,12,7
442.png,8,1
443.png,2,10
444.png,2,10
445.png,2,10
445-1.png,2,10
446.png,12,
447.png,5,
448.png,5,16
448-1.png,5,16
449.png,10,
450.png,10,
451.png,13,0
452.png,13,1
453.png,13,5
454.png,13,5
455.png,9,
456.png,17,
457.png,17,
458.png,17,7
459.png,9,11
460.png,9,11
460-1.png,9,11
461.png,1,11
462.png,3,16
463.png,12,
464.png,10,15
465.png,9,
466.png,3,
467.png,6,
468.png,4,7
469.png,0,7
470.png,9,
471.png,11,
472.png,10,7
473.png,11,10
474.png,12,
475.png,14,5
475-1.png,14,5
476.png,15,16
477.png,8,
478.png,11,8
479.png,3,8
479-1.png,3,9
479-2.png,3,5
479-3.png,3,11
479-4.png,3,17
479-5.png,3,7
480.png,14,
481.png,14,
482.png,14,
483.png,16,2
484.png,17,2
485.png,6,16
486.png,12,
487.png,8,2
487-1.png,8,2
488.png,14,
489.png,17,
490.png,17,
491.png,1,
492.png,9,
492-1.png,9,7
493.png,12,
493-1.png,5,
493-2.png,7,
493-3.png,13,
493-4.png,10,
493-5.png,15,
493-6.png,0,
493-7.png,8,
493-8.png,16,
493-9.png,6,
493-10.png,17,
493-11.png,9,
493-12.png,3,
493-13.png,14,
493-14.png,11,
493-15.png,2,
493-16.png,1,
493-17.png,4,
494.png,14,6
495.png,9,
496.png,9,
497.png,9,
498.png,6,
499.png,6,5
500.png,6,5
501.png,17,
502.png,17,
503.png,17,
504.png,12,
505.png,12,
506.png,12,
507.png,12,
508.png,12,
509.png,1,
510.png,1,
511.png,9,
512.png,9,
513.png,6,
514.png,6,
515.png,17,
516.png,17,
517.png,14,
518.png,14,
519.png,12,7
520.png,12,7
521.png,12,7
522.png,3,
523.png,3,
524.png,15,
525.png,15,
526.png,15,
527.png,14,7
528.png,14,7
529.png,10,
530.png,10,16
531.png,12,
531-1.png,12,4
532.png,5,
533.png,5,
534.png,5,
535.png,17,
536.png,17,10
537.png,17,10
538.png,5,
539.png,5,
540.png,0,9
541.png,0,9
542.png,0,9
543.png,0,13
544.png,0,13
545.png,0,13
546.png,9,4
547.png,9,4
548.png,9,
549.png,9,
550.png,17,
550-1.png,17,
551.png,10,1
552.png,10,1
553.png,10,1
554.png,6,
555.png,6,
555-1.png,6,14
556.png,9,
557.png,0,15
558.png,0,15
559.png,1,5
560.png,1,5
561.png,14,7
562.png,8,
563.png,8,
564.png,17,15
565.png,17,15
566.png,15,7
567.png,15,7
568.png,13,
569.png,13,
570.png,1,
571.png,1,
572.png,12,
573.png,12,
574.png,14,
575.png,14,
576.png,14,
577.png,14,
578.png,14,
579.png,14,
580.png,17,7
581.png,17,7
582.png,11,
583.png,11,
584.png,11,
585.png,12,9
585-1.png,12,9
585-2.png,12,9
585-3.png,12,9
586.png,12,9
586-1.png,12,9
586-2.png,12,9
586-3.png,12,9
587.png,3,7
588.png,0,
589.png,0,16
590.png,9,13
591.png,9,13
592.png,17,8
593.png,17,8
594.png,17,
595.png,0,3
596.png,0,3
597.png,9,16
598.png,9,16
599.png,16,
600.png,16,
601.png,16,
602.png,3,
603.png,3,
604.png,3,
605.png,14,
606.png,14,
607.png,8,6
608.png,8,6
609.png,8,6
610.png,2,
611.png,2,
612.png,2,
613.png,11,
614.png,11,
615.png,11,
616.png,0,
617.png,0,
618.png,10,3
619.png,5,
620.png,5,
621.png,2,
622.png,10,8
623.png,10,8
624.png,1,16
625.png,1,16
626.png,12,
627.png,12,7
628.png,12,7
629.png,1,7
630.png,1,7
631.png,6,
632.png,0,16
633.png,1,2
634.png,1,2
635.png,1,2
636.png,0,6
637.png,0,6
638.png,16,5
639.png,15,5
640.png,9,5
641.png,7,
641-1.png,7,
642.png,3,7
642-1.png,3,7
643.png,2,6
644.png,2,3
645.png,10,7
645-1.png,10,7
646.png,2,11
646-1.png,2,11
646-2.png,2,11
647.png,17,5
647-1.png,17,5
648.png,12,14
648-1.png,12,5
649.png,0,16
649-1.png,0,16
649-2.png,0,16
649-3.png,0,16
649-4.png,0,16
650.png,9,
651.png,9,
652.png,9,5
653.png,6,
654.png,6,
655.png,6,14
656.png,17,
657.png,17,
658.png,17,1
659.png,12,
660.png,12,10
661.png,12,7
662.png,6,7
663.png,6,7
664.png,0,
665.png,0,
666.png,0,7
666-1.png,0,7
666-2.png,0,7
666-3.png,0,7
666-4.png,0,7
666-5.png,0,7
666-6.png,0,7
666-7.png,0,7
666-8.png,0,7
666-9.png,0,7
666-10.png,0,7
666-11.png,0,7
666-12.png,0,7
666-13.png,0,7
666-14.png,0,7
666-15.png,0,7
666-16.png,0,7
666-17.png,0,7
666-18.png,0,7
666-19.png,0,7
667.png,6,12
668.png,6,12
669.png,4,
669-1.png,4,
669-2.png,4,
669-3.png,4,
669-4.png,4,
670.png,4,
670-1.png,4,
670-2.png,4,
670-3.png,4,
670-4.png,4,
670-5.png,4,
671.png,4,
671-1.png,4,
671-2.png,4,
671-3.png,4,
671-4.png,4,
672.png,9,
673.png,9,
674.png,5,
675.png,5,1
676.png,12,
676-1.png,12,
676-2.png,12,
676-3.png,12,
676-4.png,12,
676-5.png,12,
676-6.png,12,
676-7.png,12,
676-8.png,12,
676-9.png,12,
677.png,14,
678.png,14,
678-1.png,14,
679.png,16,8
680.png,16,8
681.png,16,8
681-1.png,16,8
682.png,4,
683.png,4,
684.png,4,
685.png,4,
686.png,1,14
687.png,1,14
688.png,15,17
689.png,15,17
690.png,13,17
691.png,13,2
692.png,17,
693.png,17,
694.png,3,12
695.png,3,12
696.png,15,2
697.png,15,2
698.png,15,11
699.png,15,11
700.png,4,
701.png,5,7
702.png,3,4
703.png,15,4
704.png,2,
705.png,2,
706.png,2,
707.png,16,4
708.png,8,9
709.png,8,9
710.png,8,9
710-1.png,8,9
710-2.png,8,9
710-3.png,8,9
711.png,8,9
711-1.png,8,9
711-2.png,8,9
711-3.png,8,9
712.png,11,
713.png,11,
714.png,7,2
715.png,7,2
716.png,4,
717.png,1,7
718.png,2,10
719.png,15,4
719-1.png,15,4
720.png,14,8
720-1.png,14,1
721.png,6,17
19-1.png,1,12
20-1.png,1,12
25-7.png,3,
25-8.png,3,
25-9.png,3,
25-10.png,3,
25-11.png,3,
25-12.png,3,
26-1.png,3,14
27-1.png,11,16
28-1.png,11,16
37-1.png,11,
38-1.png,11,4
50-1.png,10,16
51-1.png,10,16
52-1.png,1,
53-1.png,1,
74-1.png,15,3
75-1.png,15,3
76-1.png,15,3
88-1.png,13,1
89-1.png,13,1
103-1.png,9,2
105-1.png,6,8
658-1.png,17,1
658-2.png,17,1
718-1.png,2,10
718-2.png,2,10
722.png,9,7
723.png,9,7
724.png,9,8
725.png,6,
726.png,6,
727.png,6,1
728.png,17,
729.png,17,
730.png,17,4
731.png,12,7
732.png,12,7
733.png,12,7
734.png,12,
735.png,12,
736.png,0,
737.png,0,3
738.png,0,3
739.png,5,
740.png,5,11
741.png,6,7
741-1.png,3,7
741-2.png,14,7
741-3.png,8,7
742.png,0,4
743.png,0,4
744.png,15,
745.png,15,
745-1.png,15,
746.png,17,
746-1.png,17,
747.png,13,17
748.png,13,17
749.png,10,
750.png,10,
751.png,17,0
752.png,17,0
753.png,9,
754.png,9,
755.png,9,4
756.png,9,4
757.png,13,6
758.png,13,6
759.png,12,5
760.png,12,5
761.png,9,
762.png,9,
763.png,9,
764.png,4,
765.png,12,14
766.png,5,
767.png,0,17
768.png,0,17
769.png,8,10
770.png,8,10
771.png,17,
772.png,12,
773.png,12,
773-1.png,5,
773-2.png,7,
773-3.png,13,
773-4.png,10,
773-5.png,15,
773-6.png,0,
773-7.png,8,
773-8.png,16,
773-9.png,6,
773-10.png,17,
773-11.png,9,
773-12.png,3,
773-13.png,14,
773-14.png,11,
773-15.png,2,
773-16.png,1,
773-17.png,4,
774.png,15,7
774-1.png,15,7
774-2.png,15,7
774-3.png,15,7
774-4.png,15,7
774-5.png,15,7
774-6.png,15,7
774-7.png,15,7
775.png,12,
776.png,6,2
777.png,3,16
778.png,8,4
778-1.png,8,4
779.png,17,14
780.png,12,2
781.png,8,9
782.png,2,
783.png,2,5
784.png,2,5
785.png,3,4
786.png,14,4
787.png,9,4
788.png,17,4
789.png,14,
790.png,14,
791.png,14,16
792.png,14,8
793.png,15,13
794.png,0,5
795.png,0,5
796.png,3,
797.png,16,7
798.png,9,16
799.png,1,2
800.png,14,
801.png,16,4
801-1.png,16,4
802.png,5,8
